<?xml version="1.0" encoding="UTF-8" standalone="yes"?>
<addon id="repository.houdin24" name="Houdin24repo" version="0.0.0.1" provider-name="Houdin24">
	<extension point="xbmc.addon.repository"
		name="Houdin24repo">
		<dir>
			<info compressed="false">https://github.com/Houdin24/repository.houdin24/raw/master/addons.xml</info>
			<checksum>https://github.com/Houdin24/repository.houdin24/raw/master/addons.xml.md5</checksum>
			<datadir zip="true">https://raw.github.com/Houdin24/repository.houdin24/master/</datadir>
		</dir>
<!--		<dir minversion="14.0.0">
			<info compressed="false">https://github.com/Houdin24/repository.houdin24.helix/raw/master/addons.xml</info>
			<checksum>https://github.com/Houdin24/repository.houdin24.helix/raw/master/addons.xml.md5</checksum>
			<datadir zip="true">https://raw.github.com/Houdin24.helix/repository.houdin24/master/</datadir>
		</dir>
		<dir minversion="15.0.0">
			<info compressed="false">https://github.com/Houdin24/repository.houdin24.isengard/raw/master/addons.xml</info>
			<checksum>https://github.com/Houdin24/repository.houdin24.isengard/raw/master/addons.xml.md5</checksum>
			<datadir zip="true">https://raw.github.com/Houdin24/repository.houdin24.isengard/master/</datadir>
		</dir>-->
		<dir minversion="16.0.0">
			<info compressed="false">https://github.com/Houdin24/repository.houdin24.jarvis/raw/master/addons.xml</info>
			<checksum>https://github.com/Houdin24/repository.houdin24.jarvis/raw/master/addons.xml.md5</checksum>
			<datadir zip="true">https://raw.github.com/Houdin24/repository.houdin24.jarvis/master/</datadir>
		</dir>
		<dir minversion="17.0.0">
			<info compressed="false">https://github.com/Houdin24/repository.houdin24.krypton/raw/master/addons.xml</info>
			<checksum>https://github.com/Houdin24/repository.houdin24.krypton/raw/master/addons.xml.md5</checksum>
			<datadir zip="true">https://raw.github.com/Houdin24/repository.houdin24.krypton/master/</datadir>
		</dir>
<!--		<dir minversion="18.0.0">
			<info compressed="false">https://github.com/Houdin24/repository.houdin24.leia/raw/master/addons.xml</info>
			<checksum>https://github.com/Houdin24/repository.houdin24.leia/raw/master/addons.xml.md5</checksum>
			<datadir zip="true">https://raw.github.com/Houdin24/repository.houdin24.leia/master/</datadir>
		</dir>-->
	</extension>
	<extension point="xbmc.addon.metadata">
		<summary lang="en">Houdin24's Add-on Repository</summary>
		<description lang="en"></description>
		<disclaimer lang="en"></disclaimer>
		<platform>all</platform>
		<forum></forum>
		<source>https://github.com/Houdin24/repository.houdin24/tree/master/repository.houdin24/repository.houdin24-0.0.0.1.zip</source>
		<email></email>
	</extension>
</addon>